nomCroyance,nomAliment
Anti-légume,Champignon
Anti-ananas-sur-raclette,Radis
Anti-ananas-sur-raclette,Cher
Anti-légume,Intérêt
Anti-ananas-sur-raclette,Campagne
Anti-ananas-sur-raclette,Acheter
Anti-légume,Intérêt
Anti-légume,Campagne
Anti-ananas-sur-raclette,Cela
Anti-ananas-sur-raclette,Jambon cru
Anti-légume,Champignon
Anti-ananas-sur-raclette,Occuper
Anti-légume,Poire
Anti-ananas-sur-raclette,Betterave
Anti-ananas-sur-raclette,Poste
Anti-ananas-sur-raclette,Acheter
Anti-ananas-sur-raclette,Boire
Anti-légume,Chou-fleur
Anti-ananas-sur-raclette,Lutter
Anti-ananas-sur-raclette,Entourer
Anti-légume,Intéresser
Anti-ananas-sur-raclette,Cinquante
Anti-légume,Général
Anti-ananas-sur-raclette,Occuper
Anti-ananas-sur-raclette,Cher
Anti-ananas-sur-raclette,Appel
Anti-légume,Appel
Anti-ananas-sur-raclette,Poisson
Anti-ananas-sur-raclette,Cinquante
Anti-ananas-sur-raclette,Cela
Anti-ananas-sur-raclette,Acheter
Anti-légume,Betterave
Anti-ananas-sur-raclette,Cinquante
Anti-légume,Radis
Anti-ananas-sur-raclette,Courgette
Anti-légume,Campagne
Anti-légume,Cela
Anti-ananas-sur-raclette,Champignon
Anti-légume,Entourer
Anti-ananas-sur-raclette,Comprendre
Anti-ananas-sur-raclette,Lentilles
Anti-légume,Poste
Anti-ananas-sur-raclette,Myrtille
Anti-légume,Dent
Anti-légume,Combat
Anti-légume,Intérêt
Anti-ananas-sur-raclette,Lequel
Anti-légume,Ail
Anti-légume,Rejoindre
Anti-légume,Général
Anti-légume,Rayon
Anti-légume,Betterave
Anti-ananas-sur-raclette,Lequel
Anti-ananas-sur-raclette,Avocat
Anti-légume,Intéresser
Anti-légume,Entourer
Anti-légume,Certain
Anti-légume,Comprendre
Anti-légume,Dent
Anti-légume,Entourer
Anti-légume,Poisson
Anti-ananas-sur-raclette,Dent
Anti-ananas-sur-raclette,Chou-fleur
Anti-ananas-sur-raclette,Hauteur
Anti-légume,Combat
Anti-légume,Combat
Anti-ananas-sur-raclette,Ail
Anti-légume,Triste
Anti-légume,Masse
Anti-ananas-sur-raclette,Renverser
Anti-ananas-sur-raclette,Myrtille
Anti-ananas-sur-raclette,Appel
Anti-ananas-sur-raclette,Lutter
Anti-légume,Lequel
Anti-légume,Masse
Anti-ananas-sur-raclette,Lentilles
Anti-légume,Général
Anti-légume,Cher
Anti-ananas-sur-raclette,Lutter
Anti-ananas-sur-raclette,Aventure
Anti-légume,Intérêt
Anti-ananas-sur-raclette,Sûr
Anti-ananas-sur-raclette,Lutter
Anti-ananas-sur-raclette,Lequel
Anti-ananas-sur-raclette,Occuper
Anti-légume,Masse
Anti-ananas-sur-raclette,Fumer
Anti-légume,Hauteur
Anti-ananas-sur-raclette,Troisième
Anti-ananas-sur-raclette,Comprendre
Anti-légume,Cela
Anti-légume,Cinquante
Anti-ananas-sur-raclette,Devoir
Anti-légume,Donner
Anti-légume,Lentilles
Anti-légume,Radis
Anti-ananas-sur-raclette,Fromage à raclette
Anti-légume,Aventure
Anti-légume,Devoir
Anti-légume,Occuper
Anti-légume,Affirmer
Anti-légume,Sûr
Anti-ananas-sur-raclette,Intérêt
Anti-légume,Fumer
Anti-légume,Sûr
Anti-ananas-sur-raclette,Intérêt
Anti-ananas-sur-raclette,Campagne
Anti-légume,Sûr
Anti-ananas-sur-raclette,Lentilles
Anti-ananas-sur-raclette,Champignon
Anti-ananas-sur-raclette,Masse
Anti-ananas-sur-raclette,Renverser
Anti-légume,Triste
Anti-ananas-sur-raclette,Lutter
Anti-ananas-sur-raclette,Jambon cru
Anti-légume,Courgette
Anti-ananas-sur-raclette,Jambon cru
Anti-ananas-sur-raclette,Avocat
Anti-légume,L'une
Anti-légume,Triste
Anti-ananas-sur-raclette,Boire
Anti-ananas-sur-raclette,Boire
Anti-ananas-sur-raclette,Certain
Anti-ananas-sur-raclette,Cher
Anti-légume,Acheter
Anti-légume,Mari
Anti-ananas-sur-raclette,L'une
Anti-ananas-sur-raclette,Dresser
Anti-légume,Mari
Anti-ananas-sur-raclette,Donner
Anti-légume,Boire
Anti-ananas-sur-raclette,Occuper
Anti-ananas-sur-raclette,Renverser
Anti-légume,Poste
Anti-ananas-sur-raclette,Radis
Anti-légume,Intérêt
Anti-légume,Poste
Anti-légume,Cher
Anti-ananas-sur-raclette,Sûr
Anti-légume,Ail
Anti-ananas-sur-raclette,Combat
Anti-légume,Le
Anti-ananas-sur-raclette,L'une
Anti-ananas-sur-raclette,Chou-fleur
Anti-ananas-sur-raclette,Fromage à raclette
Anti-légume,Chou-fleur
Anti-légume,Cinquante
Anti-légume,Myrtille
Anti-ananas-sur-raclette,Entourer
Anti-ananas-sur-raclette,Hauteur
Anti-ananas-sur-raclette,Fromage à raclette
Anti-ananas-sur-raclette,Donner
Anti-ananas-sur-raclette,Appel
Anti-ananas-sur-raclette,Combat
Anti-ananas-sur-raclette,Lequel
Anti-légume,Appel
Anti-légume,L'une
Anti-ananas-sur-raclette,Lentilles
Anti-légume,Fromage à raclette
Anti-ananas-sur-raclette,Champignon
Anti-ananas-sur-raclette,Occuper
Anti-ananas-sur-raclette,Appel
Anti-légume,Myrtille
Anti-ananas-sur-raclette,Intéresser
Anti-légume,Kiwi
Anti-légume,Lutter
Anti-ananas-sur-raclette,Devoir
Anti-ananas-sur-raclette,Général
Anti-ananas-sur-raclette,Occuper
Anti-ananas-sur-raclette,Général
Anti-légume,Rejoindre
Anti-légume,Troisième
Anti-ananas-sur-raclette,Champignon
Anti-ananas-sur-raclette,Boire
Anti-légume,Jambon cru
Anti-légume,Dresser
Anti-légume,Boire
Anti-légume,Fumer
Anti-légume,Appel
Anti-ananas-sur-raclette,Aventure
Anti-ananas-sur-raclette,Courgette
Anti-ananas-sur-raclette,Intéresser
Anti-légume,Radis
Anti-ananas-sur-raclette,Aventure
Anti-légume,Dent
Anti-ananas-sur-raclette,Poste
Anti-légume,Troisième
Anti-légume,Entourer
Anti-ananas-sur-raclette,Dresser
Anti-ananas-sur-raclette,Campagne
Anti-ananas-sur-raclette,Jambon cru
Anti-ananas-sur-raclette,Acheter
Anti-ananas-sur-raclette,Fromage à raclette
Anti-ananas-sur-raclette,Fumer
Anti-légume,Triste
Anti-légume,Courgette
Anti-ananas-sur-raclette,Combat
Anti-ananas-sur-raclette,Le
Anti-ananas-sur-raclette,Dresser
Anti-ananas-sur-raclette,Rejoindre
Anti-ananas-sur-raclette,Rayon
Anti-légume,Masse
Anti-ananas-sur-raclette,Aventure
Anti-ananas-sur-raclette,Kiwi
Anti-légume,Combat
Anti-légume,Boire
Anti-légume,Occuper
Anti-ananas-sur-raclette,Masse
Anti-ananas-sur-raclette,Troisième
Anti-ananas-sur-raclette,Radis
Anti-ananas-sur-raclette,Devoir
Anti-ananas-sur-raclette,Certain
Anti-légume,Avocat
Anti-légume,Betterave
Anti-ananas-sur-raclette,Sûr
Anti-légume,Général
Anti-ananas-sur-raclette,Le
Anti-ananas-sur-raclette,Occuper
Anti-ananas-sur-raclette,Donner
Anti-légume,Champignon
Anti-ananas-sur-raclette,Affirmer
Anti-ananas-sur-raclette,Affirmer
Anti-ananas-sur-raclette,Poire
Anti-ananas-sur-raclette,Courgette
Anti-ananas-sur-raclette,Intérêt
Anti-ananas-sur-raclette,L'une
Anti-ananas-sur-raclette,Le
Anti-ananas-sur-raclette,Rejoindre
Anti-légume,Le
Anti-ananas-sur-raclette,Lequel
Anti-légume,Triste
Anti-ananas-sur-raclette,Poisson
Anti-légume,L'une
Anti-légume,Renverser
Anti-légume,L'une
Anti-ananas-sur-raclette,Poire
Anti-légume,Avocat
Anti-ananas-sur-raclette,L'une
Anti-ananas-sur-raclette,Certain
Anti-légume,Entourer
Anti-légume,Cinquante
Anti-ananas-sur-raclette,Le
Anti-légume,Cinquante
Anti-légume,Boire
Anti-légume,Aventure
Anti-légume,Général
Anti-ananas-sur-raclette,Certain
Anti-légume,Poire
Anti-ananas-sur-raclette,Devoir
Anti-légume,L'une
Anti-légume,Rayon
Anti-légume,Masse
Anti-ananas-sur-raclette,Sûr
Anti-légume,Certain
Anti-légume,Appel
Anti-légume,Chou-fleur
Anti-légume,Cinquante
Anti-légume,Comprendre
Anti-ananas-sur-raclette,Kiwi
Anti-ananas-sur-raclette,Lentilles
Anti-ananas-sur-raclette,Betterave
Anti-légume,Occuper
Anti-ananas-sur-raclette,Lequel
Anti-légume,Cher
Anti-légume,Champignon
Anti-légume,Mari
Anti-légume,Lentilles
Anti-ananas-sur-raclette,Renverser
Anti-légume,Renverser
Anti-légume,Avocat
Anti-ananas-sur-raclette,Entourer
Anti-ananas-sur-raclette,Combat
Anti-ananas-sur-raclette,Troisième
Anti-ananas-sur-raclette,Fumer
Anti-ananas-sur-raclette,Affirmer
Anti-ananas-sur-raclette,Courgette
Anti-légume,Betterave
Anti-légume,Betterave
Anti-ananas-sur-raclette,Occuper
Anti-légume,Entourer
Anti-ananas-sur-raclette,Boire
Anti-ananas-sur-raclette,Affirmer
Anti-légume,Certain
Anti-ananas-sur-raclette,Aventure
Anti-ananas-sur-raclette,Fromage à raclette
Anti-légume,Rejoindre
Anti-légume,Cher
Anti-ananas-sur-raclette,Poisson
Anti-légume,Occuper
Anti-légume,Occuper
Anti-légume,Sûr
Anti-légume,Comprendre
Anti-légume,Jambon cru
Anti-ananas-sur-raclette,Renverser
Anti-ananas-sur-raclette,Rejoindre
Anti-légume,Cinquante
Anti-ananas-sur-raclette,Jambon cru
Anti-légume,Poisson
Anti-légume,Kiwi
Anti-ananas-sur-raclette,Comprendre
Anti-ananas-sur-raclette,Lentilles
Anti-ananas-sur-raclette,Myrtille
Anti-légume,Troisième
Anti-légume,Kiwi
Anti-légume,Entourer
Anti-légume,Chou-fleur
Anti-légume,Intérêt
Anti-légume,Poisson
Anti-ananas-sur-raclette,Cela
Anti-ananas-sur-raclette,Certain
Anti-légume,Rejoindre
Anti-ananas-sur-raclette,Courgette
Anti-ananas-sur-raclette,Poire
Anti-légume,Intéresser
Anti-légume,Combat
Anti-ananas-sur-raclette,Myrtille
Anti-légume,L'une
Anti-ananas-sur-raclette,Cela
Anti-ananas-sur-raclette,Sûr
Anti-ananas-sur-raclette,Kiwi
Anti-légume,Poire
Anti-légume,Lequel
Anti-légume,Poire
Anti-ananas-sur-raclette,Certain
Anti-légume,Acheter
Anti-légume,Devoir
Anti-ananas-sur-raclette,Courgette
Anti-ananas-sur-raclette,Certain
Anti-légume,Cher
Anti-ananas-sur-raclette,Campagne
Anti-ananas-sur-raclette,Boire
Anti-légume,Cinquante
Anti-légume,Renverser
Anti-ananas-sur-raclette,Boire
Anti-légume,Poisson
Anti-ananas-sur-raclette,Ail
Anti-légume,L'une
Anti-légume,Rejoindre
Anti-légume,Cher
Anti-légume,Devoir
Anti-légume,L'une
Anti-ananas-sur-raclette,Dresser
Anti-légume,L'une
Anti-légume,Fumer
Anti-ananas-sur-raclette,Rejoindre
Anti-légume,Triste
Anti-ananas-sur-raclette,Donner
Anti-ananas-sur-raclette,Betterave
Anti-ananas-sur-raclette,Général
Anti-légume,Intéresser
Anti-légume,Aventure
Anti-ananas-sur-raclette,Lequel
Anti-légume,Chou-fleur
Anti-ananas-sur-raclette,Occuper
Anti-ananas-sur-raclette,Avocat
Anti-légume,Poire
Anti-légume,Cinquante
Anti-légume,Poisson
Anti-ananas-sur-raclette,Cinquante
Anti-ananas-sur-raclette,Campagne
Anti-ananas-sur-raclette,Champignon
Anti-ananas-sur-raclette,Appel
Anti-légume,Acheter
Anti-légume,Hauteur
Anti-légume,Fumer
Anti-légume,Appel
Anti-ananas-sur-raclette,Cinquante
Anti-légume,Renverser
Anti-ananas-sur-raclette,Fromage à raclette
Anti-légume,Jambon cru
Anti-ananas-sur-raclette,Le
Anti-ananas-sur-raclette,Devoir
Anti-légume,Comprendre
Anti-ananas-sur-raclette,Entourer
Anti-légume,Poste
Anti-ananas-sur-raclette,Cinquante
Anti-légume,Cela
Anti-légume,Jambon cru
Anti-ananas-sur-raclette,Poste
Anti-ananas-sur-raclette,Champignon
Anti-ananas-sur-raclette,Cinquante
Anti-légume,Fromage à raclette
Anti-ananas-sur-raclette,Le
Anti-légume,Acheter
Anti-ananas-sur-raclette,Lequel
Anti-ananas-sur-raclette,Rejoindre
Anti-légume,Sûr
Anti-ananas-sur-raclette,Intérêt
Anti-légume,Affirmer
Anti-légume,L'une
Anti-légume,Dresser
Anti-ananas-sur-raclette,Champignon
Anti-ananas-sur-raclette,Lutter
Anti-ananas-sur-raclette,Occuper
Anti-légume,Cinquante
Anti-ananas-sur-raclette,Lentilles
Anti-ananas-sur-raclette,Myrtille
Anti-légume,Comprendre
Anti-légume,Rejoindre
Anti-ananas-sur-raclette,Lequel
Anti-légume,Fumer
Anti-légume,Cela
Anti-ananas-sur-raclette,Troisième
Anti-légume,Entourer
Anti-ananas-sur-raclette,Renverser
Anti-légume,Rejoindre
Anti-ananas-sur-raclette,Le
Anti-ananas-sur-raclette,Boire
Anti-ananas-sur-raclette,Affirmer
Anti-ananas-sur-raclette,Intérêt
Anti-légume,Dent
Anti-légume,Dresser
Anti-légume,Jambon cru
Anti-légume,Rayon
Anti-légume,Rejoindre
Anti-ananas-sur-raclette,L'une
Anti-légume,Lequel
Anti-ananas-sur-raclette,Poste
Anti-légume,Hauteur
Anti-légume,Donner
Anti-légume,L'une
Anti-ananas-sur-raclette,Appel
Anti-ananas-sur-raclette,Troisième
Anti-ananas-sur-raclette,Intérêt
Anti-légume,Acheter
Anti-ananas-sur-raclette,Ail
Anti-légume,Fumer
Anti-légume,Troisième
Anti-ananas-sur-raclette,Poisson
Anti-ananas-sur-raclette,L'une
Anti-ananas-sur-raclette,Lutter
Anti-légume,Boire
Anti-légume,Betterave
Anti-ananas-sur-raclette,Boire
Anti-ananas-sur-raclette,Comprendre
Anti-ananas-sur-raclette,Affirmer
Anti-légume,Comprendre
Anti-ananas-sur-raclette,Comprendre
Anti-ananas-sur-raclette,Rayon
Anti-légume,Rayon
Anti-ananas-sur-raclette,Poisson
Anti-ananas-sur-raclette,L'une
Anti-légume,Aventure
Anti-ananas-sur-raclette,Boire
Anti-ananas-sur-raclette,Poisson
Anti-légume,Entourer
Anti-ananas-sur-raclette,Cinquante
Anti-légume,Rayon
Anti-ananas-sur-raclette,Boire
Anti-ananas-sur-raclette,L'une
Anti-ananas-sur-raclette,Ail
Anti-ananas-sur-raclette,Chou-fleur
Anti-ananas-sur-raclette,Intérêt
Anti-légume,Cinquante
Anti-ananas-sur-raclette,Cinquante
Anti-légume,Appel
Anti-ananas-sur-raclette,Triste
Anti-ananas-sur-raclette,Myrtille
Anti-légume,Poste
Anti-légume,Avocat
Anti-ananas-sur-raclette,Intéresser
Anti-légume,Cher
Anti-ananas-sur-raclette,Campagne
Anti-légume,Jambon cru
Anti-légume,Renverser
Anti-ananas-sur-raclette,Sûr
Anti-légume,Rejoindre
Anti-ananas-sur-raclette,Acheter
Anti-ananas-sur-raclette,Fromage à raclette
Anti-ananas-sur-raclette,Renverser
Anti-légume,Poire
Anti-légume,Cinquante
Anti-ananas-sur-raclette,Kiwi
Anti-légume,Le
Anti-légume,Cinquante
Anti-ananas-sur-raclette,Cinquante
Anti-ananas-sur-raclette,Aventure
Anti-légume,Entourer
Anti-légume,Triste
Anti-ananas-sur-raclette,Masse
Anti-légume,Dresser
Anti-légume,Masse
Anti-ananas-sur-raclette,Comprendre
Anti-légume,Mari
Anti-légume,Entourer
Anti-légume,Combat
Anti-légume,Courgette
Anti-ananas-sur-raclette,Chou-fleur
Anti-légume,Rayon
Anti-ananas-sur-raclette,Mari
Anti-légume,Myrtille
Anti-légume,Affirmer
Anti-ananas-sur-raclette,Poste
Anti-légume,Radis
Anti-légume,Triste
Anti-ananas-sur-raclette,Lutter
Anti-ananas-sur-raclette,Lequel
Anti-légume,Le
Anti-ananas-sur-raclette,Comprendre
Anti-légume,Lequel
Anti-ananas-sur-raclette,Certain
Anti-légume,Dresser
Anti-ananas-sur-raclette,Intérêt
Anti-ananas-sur-raclette,Cela
Anti-légume,Appel
Anti-ananas-sur-raclette,Acheter
Anti-ananas-sur-raclette,Fromage à raclette
Anti-ananas-sur-raclette,Acheter
Anti-légume,Poire
Anti-légume,Combat
Anti-ananas-sur-raclette,Donner
Anti-légume,L'une
Anti-ananas-sur-raclette,Rayon
Anti-ananas-sur-raclette,Cela
Anti-ananas-sur-raclette,Cela
Anti-ananas-sur-raclette,Poste
Anti-ananas-sur-raclette,Kiwi
Anti-légume,Sûr
Anti-légume,Combat
Anti-ananas-sur-raclette,Poire
Anti-légume,Cher
Anti-légume,Myrtille
Anti-ananas-sur-raclette,Myrtille
Anti-légume,Rejoindre
Anti-légume,Jambon cru
Anti-légume,Ail
Anti-légume,Dresser
Anti-légume,Mari
Anti-ananas-sur-raclette,Général
Anti-légume,Donner
Anti-légume,Radis
Anti-ananas-sur-raclette,Masse
Anti-légume,Acheter
Anti-légume,Campagne
Anti-ananas-sur-raclette,Certain
Anti-ananas-sur-raclette,Intérêt
Anti-ananas-sur-raclette,Lequel
Anti-légume,Lentilles
Anti-légume,Intérêt
Anti-légume,Donner
Anti-légume,Aventure
Anti-ananas-sur-raclette,Rayon
Anti-légume,Poisson
Anti-légume,Radis
Anti-ananas-sur-raclette,Triste
Anti-légume,Cela
Anti-ananas-sur-raclette,Le
Anti-ananas-sur-raclette,Troisième
Anti-ananas-sur-raclette,Lequel
Anti-ananas-sur-raclette,Rayon
Anti-ananas-sur-raclette,Cher
Anti-légume,Lentilles
Anti-ananas-sur-raclette,Ail
Anti-ananas-sur-raclette,Général
Anti-légume,Intéresser
Anti-ananas-sur-raclette,Avocat
Anti-ananas-sur-raclette,Entourer
Anti-ananas-sur-raclette,Intéresser
Anti-légume,Général
Anti-ananas-sur-raclette,Lutter
Anti-légume,Mari
Anti-ananas-sur-raclette,L'une
Anti-légume,Lutter
Anti-légume,Comprendre
Anti-légume,Renverser
Anti-ananas-sur-raclette,Lequel
Anti-ananas-sur-raclette,Acheter
Anti-légume,Avocat
Anti-légume,Dent
Anti-ananas-sur-raclette,Comprendre
Anti-légume,Affirmer
Anti-ananas-sur-raclette,Troisième
Anti-légume,Poire
Anti-légume,Fumer
Anti-légume,Acheter
Anti-légume,Boire
Anti-légume,Général
Anti-légume,Poste
Anti-ananas-sur-raclette,Dresser
Anti-légume,L'une
Anti-ananas-sur-raclette,Occuper
Anti-ananas-sur-raclette,Rejoindre
Anti-légume,Mari
Anti-légume,Dent
Anti-ananas-sur-raclette,Cher
Anti-ananas-sur-raclette,Poire
Anti-ananas-sur-raclette,Fromage à raclette
Anti-ananas-sur-raclette,Cinquante
Anti-ananas-sur-raclette,Courgette
Anti-ananas-sur-raclette,Intéresser
Anti-ananas-sur-raclette,Comprendre
Anti-ananas-sur-raclette,Masse
Anti-légume,Betterave
Anti-ananas-sur-raclette,Hauteur
Anti-ananas-sur-raclette,Occuper
Anti-légume,Renverser
Anti-légume,Cinquante
Anti-légume,Poire
Anti-ananas-sur-raclette,Devoir
Anti-légume,Intérêt
Anti-légume,Ail
Anti-légume,Jambon cru
Anti-légume,Renverser
Anti-ananas-sur-raclette,Devoir
Anti-ananas-sur-raclette,Campagne
Anti-ananas-sur-raclette,Donner
Anti-ananas-sur-raclette,Masse
Anti-légume,Boire
Anti-légume,Cela
Anti-légume,Chou-fleur
Anti-légume,Cinquante
Anti-ananas-sur-raclette,Général
Anti-ananas-sur-raclette,Dent
Anti-ananas-sur-raclette,Mari
Anti-légume,Radis
Anti-légume,Lequel
Anti-ananas-sur-raclette,Lequel
Anti-légume,Certain
Anti-légume,Mari
Anti-ananas-sur-raclette,Cher
Anti-légume,Acheter
Anti-légume,Chou-fleur
Anti-ananas-sur-raclette,Dent
Anti-légume,Lentilles
Anti-ananas-sur-raclette,Poste
Anti-ananas-sur-raclette,Masse
Anti-légume,L'une
Anti-légume,Fumer
Anti-légume,Chou-fleur
Anti-légume,Avocat
Anti-légume,Renverser
Anti-ananas-sur-raclette,Triste
Anti-ananas-sur-raclette,Troisième
Anti-légume,Cela
Anti-ananas-sur-raclette,Lequel
Anti-légume,Lentilles
Anti-légume,Betterave
Anti-légume,Courgette
Anti-ananas-sur-raclette,Triste
Anti-ananas-sur-raclette,Lentilles
Anti-légume,Triste
Anti-ananas-sur-raclette,Dent
Anti-ananas-sur-raclette,Jambon cru
Anti-légume,Cher
Anti-ananas-sur-raclette,Occuper
Anti-ananas-sur-raclette,Mari
Anti-légume,Occuper
Anti-légume,Combat
Anti-ananas-sur-raclette,L'une
Anti-ananas-sur-raclette,Betterave
Anti-légume,Courgette
Anti-ananas-sur-raclette,Entourer
Anti-légume,Betterave
Anti-légume,Poire
Anti-légume,Cher
Anti-légume,Sûr
Anti-légume,Donner
Anti-légume,Avocat
Anti-légume,Le
Anti-légume,L'une
Anti-légume,L'une
Anti-ananas-sur-raclette,Cinquante
Anti-légume,Dresser
Anti-légume,Poire
Anti-ananas-sur-raclette,Champignon
Anti-légume,Donner
Anti-ananas-sur-raclette,Triste
Anti-légume,Fromage à raclette
Anti-légume,Entourer
Anti-ananas-sur-raclette,Dresser
Anti-légume,Dresser
Anti-ananas-sur-raclette,Mari
Anti-légume,Donner
Anti-légume,Fromage à raclette
Anti-légume,L'une
Anti-légume,Cela
Anti-ananas-sur-raclette,Boire
Anti-ananas-sur-raclette,Rejoindre
Anti-légume,Poste
Anti-légume,Général
Anti-ananas-sur-raclette,Lentilles
Anti-légume,Lutter
Anti-légume,Campagne
Anti-ananas-sur-raclette,Campagne
Anti-ananas-sur-raclette,Jambon cru
Anti-légume,Kiwi
Anti-ananas-sur-raclette,Cher
Anti-ananas-sur-raclette,Lutter
Anti-ananas-sur-raclette,Boire
Anti-ananas-sur-raclette,Champignon
Anti-ananas-sur-raclette,Cher
Anti-légume,Cher
Anti-ananas-sur-raclette,Courgette
Anti-ananas-sur-raclette,Comprendre
Anti-légume,Le
Anti-légume,Le
Anti-ananas-sur-raclette,Troisième
Anti-légume,Acheter
Anti-légume,Dent
Anti-ananas-sur-raclette,Masse
Anti-légume,Hauteur
Anti-ananas-sur-raclette,Comprendre
Anti-légume,Hauteur
Anti-légume,Combat
Anti-légume,Mari
Anti-ananas-sur-raclette,Campagne
Anti-légume,Rejoindre
Anti-légume,Le
Anti-légume,Affirmer
Anti-ananas-sur-raclette,Kiwi
Anti-ananas-sur-raclette,Sûr
Anti-légume,Champignon
Anti-légume,Cher
Anti-légume,Lequel
Anti-légume,Lutter
Anti-légume,Rejoindre
Anti-ananas-sur-raclette,Poire
Anti-ananas-sur-raclette,Radis
Anti-ananas-sur-raclette,Comprendre
Anti-légume,Betterave
Anti-légume,Combat
Anti-ananas-sur-raclette,Troisième
Anti-légume,Affirmer
Anti-ananas-sur-raclette,Triste
Anti-légume,Lequel
Anti-légume,Rayon
Anti-légume,Renverser
Anti-légume,Dent
Anti-ananas-sur-raclette,Poisson
Anti-ananas-sur-raclette,Kiwi
Anti-ananas-sur-raclette,Intéresser
Anti-ananas-sur-raclette,Courgette
Anti-légume,Certain
Anti-ananas-sur-raclette,Lentilles
Anti-ananas-sur-raclette,Devoir
Anti-légume,Rejoindre
Anti-ananas-sur-raclette,Mari
Anti-ananas-sur-raclette,Triste
Anti-ananas-sur-raclette,Poisson
Anti-ananas-sur-raclette,Myrtille
Anti-ananas-sur-raclette,Jambon cru
Anti-ananas-sur-raclette,Rejoindre
Anti-légume,Mari
Anti-ananas-sur-raclette,L'une
Anti-légume,Appel
Anti-ananas-sur-raclette,Comprendre
Anti-légume,Poste
Anti-légume,Boire
Anti-ananas-sur-raclette,Troisième
Anti-ananas-sur-raclette,Hauteur
Anti-ananas-sur-raclette,Chou-fleur
Anti-légume,Campagne
Anti-ananas-sur-raclette,L'une
Anti-légume,Certain
Anti-ananas-sur-raclette,Betterave
Anti-légume,L'une
Anti-ananas-sur-raclette,Renverser
Anti-ananas-sur-raclette,Cher
Anti-ananas-sur-raclette,Rejoindre
Anti-légume,Fromage à raclette
Anti-légume,Campagne
Anti-ananas-sur-raclette,Chou-fleur
Anti-légume,Dent
Anti-légume,L'une
Anti-ananas-sur-raclette,Boire
Anti-légume,Cher
Anti-ananas-sur-raclette,Fumer
Anti-légume,Kiwi
Anti-légume,Donner
Anti-légume,L'une
Anti-légume,Combat
Anti-légume,Le
Anti-ananas-sur-raclette,Appel
Anti-légume,Betterave
Anti-ananas-sur-raclette,Dresser
Anti-ananas-sur-raclette,Troisième
Anti-légume,Kiwi
Anti-ananas-sur-raclette,Jambon cru
Anti-ananas-sur-raclette,L'une
Anti-légume,Le
Anti-légume,Mari
Anti-légume,Intérêt
Anti-légume,Campagne
Anti-ananas-sur-raclette,Campagne
Anti-légume,Rayon
Anti-ananas-sur-raclette,Acheter
Anti-ananas-sur-raclette,Hauteur
Anti-ananas-sur-raclette,Myrtille
Anti-légume,Affirmer
Anti-légume,Renverser
Anti-ananas-sur-raclette,Sûr
Anti-légume,Rejoindre
Anti-ananas-sur-raclette,Ail
Anti-ananas-sur-raclette,Le
Anti-légume,Aventure
Anti-ananas-sur-raclette,Mari
Anti-légume,Aventure
Anti-ananas-sur-raclette,Hauteur
Anti-ananas-sur-raclette,Courgette
Anti-légume,Combat
Anti-ananas-sur-raclette,Comprendre
Anti-légume,Cinquante
Anti-ananas-sur-raclette,Courgette
Anti-légume,Sûr
Anti-légume,Courgette
Anti-ananas-sur-raclette,Fromage à raclette
Anti-légume,Devoir
Anti-légume,Jambon cru
Anti-légume,Ail
Anti-légume,Intéresser
Anti-légume,Affirmer
Anti-ananas-sur-raclette,Renverser
Anti-légume,Myrtille
Anti-légume,Poste
Anti-légume,Betterave
Anti-ananas-sur-raclette,Courgette
Anti-ananas-sur-raclette,Aventure
Anti-légume,Lutter
Anti-ananas-sur-raclette,Kiwi
Anti-légume,Cela
Anti-légume,Donner
Anti-ananas-sur-raclette,Poisson
Anti-légume,Troisième
Anti-légume,L'une
Anti-légume,Dent
Anti-ananas-sur-raclette,Rejoindre
Anti-ananas-sur-raclette,Cher
Anti-légume,Ail
Anti-légume,Champignon
Anti-légume,Fromage à raclette
Anti-légume,Intérêt
Anti-ananas-sur-raclette,Général
Anti-légume,Rayon
Anti-légume,Acheter
Anti-ananas-sur-raclette,Rejoindre
Anti-légume,Cinquante
Anti-légume,Poire
Anti-ananas-sur-raclette,Sûr
Anti-ananas-sur-raclette,Avocat
Anti-légume,Comprendre
Anti-ananas-sur-raclette,Jambon cru
Anti-ananas-sur-raclette,Dresser
Anti-légume,Masse
Anti-légume,Acheter
Anti-ananas-sur-raclette,Combat
Anti-ananas-sur-raclette,Lequel
Anti-légume,Rayon
Anti-légume,Sûr
Anti-légume,Appel
Anti-légume,Donner
Anti-ananas-sur-raclette,Avocat
Anti-légume,Général
Anti-ananas-sur-raclette,Renverser
Anti-légume,Aventure
Anti-ananas-sur-raclette,Entourer
Anti-légume,Entourer
Anti-ananas-sur-raclette,Renverser
Anti-ananas-sur-raclette,Kiwi
Anti-ananas-sur-raclette,Ail
Anti-légume,Avocat
Anti-légume,Certain
Anti-ananas-sur-raclette,Chou-fleur
Anti-ananas-sur-raclette,Avocat
Anti-ananas-sur-raclette,Fumer
Anti-ananas-sur-raclette,Donner
Anti-légume,Troisième
Anti-légume,Poisson
Anti-ananas-sur-raclette,Lutter
Anti-légume,Masse
Anti-ananas-sur-raclette,Myrtille
Anti-légume,Myrtille
Anti-ananas-sur-raclette,Poire
Anti-ananas-sur-raclette,Cher
Anti-ananas-sur-raclette,Ail
Anti-légume,Triste
Anti-légume,Fromage à raclette
Anti-ananas-sur-raclette,Intérêt
Anti-ananas-sur-raclette,Le
Anti-légume,Entourer
Anti-ananas-sur-raclette,Dresser
Anti-légume,Fumer
Anti-légume,Acheter
Anti-ananas-sur-raclette,Betterave
Anti-ananas-sur-raclette,Aventure
Anti-ananas-sur-raclette,Affirmer
Anti-ananas-sur-raclette,Fromage à raclette
Anti-légume,Champignon
Anti-ananas-sur-raclette,Jambon cru
Anti-ananas-sur-raclette,Intéresser
Anti-ananas-sur-raclette,Entourer
Anti-légume,Combat
Anti-légume,Myrtille
Anti-légume,Intéresser
Anti-légume,Poire
Anti-légume,Avocat
Anti-ananas-sur-raclette,Troisième
Anti-ananas-sur-raclette,Acheter
Anti-légume,Renverser
Anti-légume,Radis
Anti-légume,Avocat
Anti-légume,Appel
Anti-ananas-sur-raclette,Acheter
Anti-ananas-sur-raclette,Radis
Anti-ananas-sur-raclette,Acheter
Anti-légume,Fromage à raclette
Anti-ananas-sur-raclette,Renverser
Anti-légume,Aventure
Anti-ananas-sur-raclette,Dent
Anti-légume,Troisième
Anti-légume,Radis
Anti-légume,Triste
Anti-ananas-sur-raclette,Masse
Anti-légume,Poire
Anti-légume,Myrtille
Anti-ananas-sur-raclette,Fumer
Anti-ananas-sur-raclette,Myrtille
Anti-ananas-sur-raclette,Poire
Anti-légume,Affirmer
Anti-ananas-sur-raclette,Acheter
Anti-légume,Lutter
Anti-ananas-sur-raclette,Triste
Anti-ananas-sur-raclette,Rejoindre
Anti-ananas-sur-raclette,Occuper
Anti-légume,Ail
Anti-ananas-sur-raclette,Fumer
Anti-ananas-sur-raclette,Dresser
Anti-ananas-sur-raclette,Champignon
Anti-ananas-sur-raclette,Cinquante
Anti-légume,Dent
Anti-légume,Aventure
Anti-légume,Campagne
Anti-ananas-sur-raclette,Courgette
Anti-ananas-sur-raclette,Cher
Anti-légume,Aventure
Anti-légume,Acheter
Anti-légume,Avocat
Anti-légume,Lentilles
Anti-légume,Lentilles
Anti-ananas-sur-raclette,Acheter
Anti-légume,Comprendre
Anti-légume,Devoir
Anti-légume,Renverser
Anti-légume,Campagne
Anti-ananas-sur-raclette,L'une
Anti-ananas-sur-raclette,Boire
Anti-légume,Sûr
Anti-ananas-sur-raclette,Affirmer
Anti-ananas-sur-raclette,Donner
Anti-légume,Myrtille
Anti-légume,Poisson
Anti-légume,Affirmer
Anti-légume,Rejoindre
Anti-légume,Aventure
Anti-ananas-sur-raclette,Champignon
Anti-légume,Troisième
Anti-légume,Rayon
Anti-ananas-sur-raclette,Donner
Anti-ananas-sur-raclette,Ail
Anti-ananas-sur-raclette,Dent
Anti-légume,Ail
Anti-légume,Poisson
Anti-légume,Mari
Anti-légume,Cher
Anti-ananas-sur-raclette,Dresser
Anti-ananas-sur-raclette,Hauteur
Anti-légume,Certain
Anti-ananas-sur-raclette,Ail
Anti-ananas-sur-raclette,Devoir
Anti-légume,Combat
Anti-ananas-sur-raclette,Ail
Anti-ananas-sur-raclette,Combat
Anti-légume,Lentilles
Anti-légume,Intérêt
Anti-légume,Rejoindre
Anti-légume,Devoir
Anti-ananas-sur-raclette,Kiwi
Anti-ananas-sur-raclette,Troisième
Anti-légume,L'une
Anti-légume,Triste
Anti-ananas-sur-raclette,Rayon
Anti-légume,Général
Anti-ananas-sur-raclette,Ail
Anti-légume,Troisième
Anti-ananas-sur-raclette,Occuper
Anti-ananas-sur-raclette,Betterave
Anti-légume,Lequel
Anti-ananas-sur-raclette,Fromage à raclette
Anti-légume,Cher
Anti-légume,Chou-fleur
Anti-ananas-sur-raclette,Betterave
Anti-légume,Occuper
Anti-ananas-sur-raclette,Masse
Anti-légume,Occuper
Anti-ananas-sur-raclette,Le
Anti-ananas-sur-raclette,Avocat
Anti-ananas-sur-raclette,Avocat
Anti-ananas-sur-raclette,Lutter
Anti-légume,Occuper
Anti-ananas-sur-raclette,Hauteur
Anti-ananas-sur-raclette,Intéresser
